,head_0,head_1,head_2,head_3,head_4,head_5,head_6,head_7,head_8,head_9,head_10,head_11,head_12,head_13,head_14,head_15,head_16,head_17,head_18,head_19,head_20,head_21,head_22,head_23,head_24,head_25,head_26,head_27,head_28,head_29,head_30,head_31,head_32,head_33,head_34,head_35,head_36,head_37,head_38,head_39,head_40,head_41,head_42,head_43,head_44,head_45,head_46,head_47,head_48,head_49,head_50,head_51,head_52,head_53,head_54,head_55,head_56,head_57,head_58,head_59,head_60,head_61,head_62,head_63,head_64,head_65,head_66,head_67,head_68,head_69,head_70
layer_0,541,168,509,95,226,147,273,185,350,244,222,185,515,245,499,113,333,390,83,323,298,229,166,380,199,285,490,687,40,89,268,629,361,168,290,314,274,225,333,298,169,259,557,251,540,274,278,351,552,335,272,392,403,571,225,287,225,483,188,216,428,189,302,252,268,313,361,235,608,172,167
layer_1,183,166,109,90,161,206,662,532,224,472,242,213,134,81,411,63,154,157,174,228,156,115,132,174,293,166,229,162,509,258,206,204,200,128,497,100,208,225,189,211,194,62,254,146,258,119,106,211,275,188,251,183,159,281,108,554,297,113,141,431,36,395,115,144,131,234,245,145,564,156,235
layer_2,215,261,170,145,167,451,126,199,175,124,216,130,167,482,198,152,587,133,219,528,543,396,119,145,143,175,184,160,27,74,128,119,311,113,218,234,117,154,201,496,501,163,299,146,273,218,110,134,280,146,421,386,258,132,162,335,124,726,631,176,469,328,182,149,119,324,117,130,287,229,158
layer_3,137,130,146,266,188,397,135,143,136,141,206,38,192,131,143,138,141,125,133,130,253,142,125,389,126,274,349,500,135,182,187,150,122,140,123,239,171,135,498,162,134,143,141,156,130,132,123,125,179,219,163,150,124,296,128,151,480,259,175,208,230,136,127,165,120,525,197,205,153,138,125
layer_4,127,128,130,238,128,127,87,132,127,127,127,141,127,127,127,127,208,128,128,128,128,127,127,135,127,128,114,200,128,128,339,127,131,127,128,168,131,128,133,146,127,127,134,146,130,453,130,128,127,127,132,125,129,127,139,127,205,124,127,130,249,128,128,130,127,127,127,114,127,127,129
layer_5,127,127,127,127,127,127,132,127,127,127,127,127,129,127,127,127,127,128,127,127,128,126,127,128,127,127,127,128,127,127,127,127,131,129,132,140,127,129,127,127,127,127,127,127,127,131,127,127,127,127,127,437,127,126,132,127,127,135,129,127,128,127,131,127,127,127,127,127,128,127,127
layer_6,129,129,127,135,128,138,126,131,132,127,259,148,127,127,127,127,132,128,128,366,291,127,136,128,129,143,130,127,128,127,132,127,127,128,130,142,217,127,127,127,137,127,138,127,127,187,129,183,278,123,132,127,128,127,129,128,79,128,132,215,127,340,127,136,128,127,127,127,129,128,129
layer_7,128,229,174,127,127,126,126,127,127,133,128,139,127,150,160,127,128,127,128,136,133,138,127,127,127,127,127,127,138,138,127,127,127,127,127,126,128,128,447,126,127,142,127,141,134,136,143,144,129,127,126,156,132,141,127,127,119,149,127,127,130,127,127,268,237,128,124,127,127,127,127
layer_8,342,144,129,127,180,128,335,231,127,127,127,125,127,130,165,127,127,415,135,127,129,167,127,128,134,128,128,143,323,64,130,195,225,127,133,131,172,143,127,497,144,131,129,125,272,127,127,127,190,174,130,135,133,128,127,124,127,127,192,127,130,127,140,130,127,128,135,174,185,146,127
layer_9,130,127,193,127,127,127,141,127,127,286,127,127,127,127,127,127,165,127,129,132,128,127,127,247,127,127,130,127,127,127,145,127,127,127,127,131,125,128,127,127,346,127,127,127,128,128,137,127,133,127,130,137,128,131,470,166,127,129,124,129,127,127,127,127,129,127,126,128,127,127,10
layer_10,127,134,127,128,127,130,131,132,150,128,126,127,127,127,130,127,137,127,127,175,210,127,130,142,128,276,127,130,135,127,192,136,127,136,178,143,271,134,127,134,127,130,127,128,127,127,127,125,127,127,127,191,127,127,128,129,147,133,131,127,131,127,208,127,127,128,127,149,127,129,127
layer_11,129,135,132,128,127,143,128,128,142,129,26,127,154,130,127,127,219,195,131,127,127,127,129,218,127,127,127,127,148,205,199,129,127,400,129,127,134,323,127,127,449,141,127,127,127,330,127,128,148,223,136,739,186,153,127,127,197,133,135,127,128,189,186,134,329,126,360,130,133,155,128
layer_12,127,182,127,127,242,131,149,174,127,125,127,136,128,127,132,138,127,234,377,128,137,130,127,133,137,131,142,157,353,127,204,128,127,141,150,138,128,127,129,130,128,127,128,134,127,127,127,127,128,132,127,36,129,128,127,155,127,148,129,130,131,427,128,131,127,139,127,160,127,127,177
layer_13,132,142,126,135,129,127,130,176,128,140,99,255,242,127,142,127,131,127,131,147,127,130,128,290,129,294,127,127,135,181,139,316,137,144,127,144,134,126,128,257,137,127,130,136,269,128,127,127,176,137,128,137,127,127,127,127,128,145,128,194,305,128,130,157,127,130,212,139,154,134,128
layer_14,127,127,127,127,127,127,136,127,127,139,127,128,127,127,127,127,148,128,127,127,127,127,127,127,127,139,127,127,127,671,128,127,127,127,128,128,0,142,127,130,127,129,127,148,147,227,128,127,129,127,127,127,127,127,127,127,127,128,127,127,127,127,135,127,127,128,134,146,127,127,127
layer_15,144,128,126,127,127,127,127,127,135,128,127,133,129,127,129,132,131,132,127,127,128,8,127,127,127,129,134,128,127,127,127,151,131,129,127,128,357,133,128,127,127,127,135,170,127,127,127,127,129,127,127,127,127,127,127,127,127,127,127,127,127,127,127,127,127,127,127,179,127,437,231
layer_16,127,127,129,157,130,141,127,127,128,127,127,127,127,163,127,127,130,128,127,128,129,137,129,128,127,142,127,131,129,127,335,127,127,94,130,127,129,127,127,127,127,127,129,131,128,127,127,127,175,127,127,127,127,129,149,127,127,127,127,127,127,465,127,127,133,127,127,127,125,129,129
layer_17,127,127,127,130,148,127,128,127,129,148,127,127,140,127,127,127,128,130,131,131,129,127,129,127,193,160,437,132,129,358,127,306,139,127,190,150,127,127,150,130,127,136,127,128,127,128,128,129,127,128,127,127,258,669,212,127,127,10,130,127,137,117,127,126,128,127,129,143,152,129,127
layer_18,127,201,127,128,127,127,127,129,127,127,127,129,127,130,128,127,127,335,127,127,128,129,128,127,129,129,127,128,127,128,128,127,127,129,136,127,128,126,127,154,126,129,127,127,127,197,127,128,129,127,128,129,129,81,127,127,127,129,128,127,133,127,127,127,168,127,127,127,127,195,127
layer_19,131,127,129,127,127,127,127,156,127,127,127,127,126,128,127,128,128,127,134,127,127,130,128,127,180,127,126,128,127,127,127,125,127,131,126,116,127,127,146,126,127,284,127,127,127,128,128,127,128,127,127,128,127,127,126,127,184,127,158,127,127,127,131,131,127,129,130,127,127,127,125
layer_20,197,130,127,130,140,127,127,127,254,130,128,130,127,136,71,127,127,129,127,129,128,127,128,127,127,133,127,130,246,127,127,193,139,131,127,127,119,127,127,127,127,127,140,126,128,127,127,127,127,127,127,124,127,130,128,127,127,151,128,127,127,132,130,127,127,131,138,127,127,127,131
layer_21,128,136,179,145,127,248,127,127,144,128,127,128,127,128,352,127,127,185,127,140,131,131,127,128,130,129,127,128,127,130,132,127,129,128,127,127,131,146,127,160,0,137,131,127,133,127,180,128,127,133,127,127,128,127,127,164,128,137,129,133,133,141,169,129,133,161,149,127,650,127,127
layer_22,129,128,129,148,127,128,507,11,123,143,132,184,239,133,134,127,141,127,127,137,152,133,125,128,127,130,127,187,127,134,146,130,128,396,132,129,128,127,127,130,127,127,131,133,128,131,151,127,130,131,212,127,152,127,128,145,208,153,131,128,127,127,140,146,127,134,129,128,127,129,134
layer_23,128,137,127,133,127,149,149,127,133,128,129,128,127,127,128,265,131,139,128,129,165,127,127,134,127,148,127,127,141,128,132,134,127,127,152,135,127,130,127,127,318,229,189,143,131,281,175,125,128,193,130,8,128,132,129,193,160,132,128,127,129,127,127,203,127,133,128,127,131,128,127
layer_24,127,128,127,126,127,127,131,127,127,127,127,128,127,187,180,132,127,127,130,127,127,126,138,247,127,131,127,127,128,127,127,127,127,128,127,126,127,168,127,46,127,192,126,127,127,127,127,127,143,127,128,127,127,128,127,127,130,127,130,127,127,127,128,127,128,127,129,129,127,161,127
layer_25,127,127,127,129,127,127,56,127,127,133,127,127,130,127,127,127,127,127,133,127,150,136,127,127,127,130,128,127,127,127,127,127,127,127,127,126,127,128,127,127,127,127,127,131,127,127,127,127,129,127,126,132,127,127,128,127,127,128,127,128,127,129,127,127,127,129,127,146,127,127,134
layer_26,127,128,127,127,135,127,127,136,127,127,154,127,127,129,134,127,117,127,128,127,134,134,129,131,127,129,127,127,127,127,127,127,127,127,127,127,127,128,127,127,127,130,127,127,127,127,127,127,127,127,127,127,127,127,127,128,89,168,127,127,124,127,128,127,127,112,127,128,136,81,127
layer_27,127,127,127,126,127,127,127,127,127,127,127,128,127,127,127,127,127,127,127,127,127,127,127,127,127,127,127,127,126,127,127,127,128,127,127,127,127,127,128,126,127,127,127,127,127,128,127,127,127,127,127,127,127,127,127,127,127,127,126,126,127,127,127,127,127,127,127,127,127,127,127
layer_28,127,128,127,128,127,127,127,127,126,127,127,127,130,129,128,127,127,128,139,127,127,128,127,127,127,104,127,128,129,127,130,127,127,127,127,154,127,127,128,127,127,127,129,127,127,127,127,127,127,127,137,126,126,127,127,124,126,133,127,131,128,127,162,127,127,128,127,127,128,131,127
layer_29,128,136,127,139,131,126,160,127,127,128,136,155,127,333,130,121,127,127,149,54,127,144,128,140,127,125,128,135,128,127,127,132,129,127,139,127,129,128,127,128,129,132,127,128,127,139,127,101,128,127,131,129,127,144,127,136,128,127,96,127,132,127,187,131,116,131,127,128,134,127,127
layer_30,130,127,133,128,123,127,128,127,127,127,121,127,134,129,127,127,150,133,127,135,130,119,125,127,128,126,127,127,127,128,126,127,130,127,127,128,127,131,126,150,127,128,127,127,125,127,128,127,126,128,132,129,126,122,144,138,127,127,127,128,128,127,127,127,133,127,128,136,127,119,123
layer_31,267,94,127,127,112,127,127,127,127,127,98,119,127,39,127,127,127,126,127,115,135,127,127,128,127,127,127,108,130,121,127,126,127,127,128,137,207,127,127,127,128,126,127,127,127,127,127,127,134,127,125,127,127,127,127,127,138,127,127,127,127,127,127,127,127,565,127,98,121,127,127
